{"cameraMode":{"drawMode":0,"name":"Shaded","section":"Shading Mode"},"sceneLighting":false,"audioPlay":false,"sceneViewState":{"m_AlwaysRefresh":false,"showFog":true,"showSkybox":false,"showFlares":true,"showImageEffects":true,"showParticleSystems":true,"showVisualEffectGraphs":true,"m_FxEnabled":true},"in2DMode":false,"pivot":{"x":0.11792069673538208,"y":2.6324989795684816,"z":-1.690000295639038},"rotation":{"x":0.08538295328617096,"y":0.016438806429505349,"z":-0.0014108546311035753,"w":0.9962165355682373},"size":3.206756591796875,"orthographic":false}